,,,,,,,,,,,,,,,
,,,Event,Date,,Time,Total trip time,S t a t u s,Place,Slip,Total Distance,Avg speed,FOC,LOAD ,RPM
,,,,,,,,,,,,,,,
,,,,,,,,,,,,,  ,,
,,,FAOP,01/23/2024,,06:30:00 PM,,,Out to Sea ( RWS → KP  ),,,,  ,,
,,,EOSP,01/24/2024,,06:54:00 AM,23.1944444444444,,Arrival.KHL .KP ,20.6,130,5.60479041916168,6.4  ,42%,124.4
,,,,,,,,,,,,,  ,,
,,,FAOP,01/24/2024,,08:30:00 PM,,,Out to Sea (  KP  → RWS ),,,,  ,,
,,,EOSP,01/25/2024,,07:18:00 AM,23.0833333333333,,Arrival .RWS,14.3,123,5.32851985559567,5.9  ,45%,125.2
,,,,,,,,,,,,,  ,,
,,,FAOP,01/26/2024,,05:36:00 AM,,,Out to Sea ( RWS → KP  ),,,,  ,,
,,,EOSP,01/26/2024,,06:00:00 PM,0.861111111111111,,Arrival.KHL .KP ,22.5,127,147.483870967742,6.4  ,42%,124.5
,,,,,,,,,,,,,  ,,
,,,FAOP,01/27/2024,,11:18:00 AM,,,Out to Sea (  KP  → RWS ),,,,  ,,
,,,EOSP,01/27/2024,,10:30:00 PM,0.777777777777778,,Arrival .RWS,16.7,123,158.142857142857,5.8  ,45%,124.2
,,,,,,,,,,,,,  ,,
,,,FAOP,01/29/2024,,04:30:00 AM,,,Out to Sea ( RWS → KP  ),,,,  ,,
,,,EOSP,01/29/2024,,04:54:00 PM,0.861111111111111,,Arrival.KHL .KP ,23.4,127,147.483870967742,6.7  ,58%,126.6
,,,,,,,,,,,,,  ,,
,,,FAOP,01/30/2024,,06:18:00 AM,,,Out to Sea (  KP  → RWS ),,,,  ,,
,,,EOSP,01/30/2024,,06:00:00 PM,0.8125,,Arrival .RWS,19.8,123,151.384615384615,6.2  ,44%,124
,,,,,,,,,,,,,  ,,
,,,FAOP,01/31/2024,,02:12:00 PM,,,Out to Sea ( RWS → KP  ),,,,  ,,
,,,EOSP,02/01/2024,,02:00:00 AM,23.1527777777778,,Arrival.KHL .KP ,21,123,5.3125374925015,6.1  ,42%,124
,,,,,,,,,,,,,  ,,
,,,FAOP,02/01/2024,,05:24:00 PM,,,Out to Sea (  KP  → RWS ),,,,  ,,
,,,EOSP,02/02/2024,,04:18:00 AM,23.0902777777778,,Arrival .RWS,16.4,120,5.19699248120301,5.9  ,44%,124
,,,,,,,,,,,,,  ,,
,,,FAOP,02/04/2024,,06:48:00 PM,,,Out to Sea ( RWS → KP  ),,,,  ,,
,,,EOSP,02/05/2024,,07:12:00 AM,23.1944444444444,,Arrival.KHL .KP ,20.9,130,5.60479041916168,6.4  ,42%,125
,,HAND OVER,,,,,,,,,,,  ,,
,,,FAOP,02/05/2024,,11:48:00 PM,,,Out to Sea (  KP  → RWS ),,,,  ,,
,,,EOSP,02/06/2024,,12:18:00 PM,23.2013888888889,,Arrival .RWS,21.8,128,5.51691110445974,6.6  ,44%,123.3
,,,,,,,,,,,,,  ,,
,,,FAOP,02/15/2024,,01:42:00 PM,,,Out to Sea ( RWS → KP  ),,,,  ,,
,,,EOSP,02/16/2024,,02:42:00 AM,23.2361111111111,,Arrival.KHL .KP ,24,130,5.59473998804543,6.7  ,48%,124
,,,,,,,,,,,,,  ,,
,,,FAOP,02/16/2024,,10:48:00 PM,,,Out to Sea (  KP  → RWS ),,,,  ,,
,,,EOSP,02/17/2024,,10:00:00 AM,23.1111111111111,,Arrival .RWS,16.7,123,5.32211538461539,5.9  ,42%,124.2
,,,,,,,,,,,,,  ,,
,,,FAOP,02/19/2024,,11:24:00 PM,,,Out to Sea ( RWS → KP  ),,,,  ,,
,,,EOSP,02/20/2024,,12:42:00 PM,23.2569444444444,,Arrival.KHL .KP ,24.6,132,5.6757240967453,6.6  ,44%,124
,,,,,,,,,,,,,  ,,
,,,FAOP,02/21/2024,,03:24:00 AM,,,Out to Sea (  KP  → RWS ),,,,  ,,
,,,EOSP,02/21/2024,,04:42:00 PM,0.923611111111111,,Arrival .RWS,25.8,130,140.751879699248,7.1  ,46%,124.2
,,,,,,,,,,,,,  ,,
,,,FAOP,02/22/2024,,04:00:00 PM,,,Out to Sea ( RWS → KP  ),,,,  ,,
,,,EOSP,02/23/2024,,04:18:00 AM,23.1875,,Arrival.KHL .KP ,25.2,123,5.30458221024259,6.5  ,44%,126
,,,,,,,,,,,,,  ,,
,,,FAOP,02/23/2024,,07:00:00 PM,,,Out to Sea (  KP  → RWS ),,,,  ,,
,,,EOSP,02/24/2024,,06:48:00 AM,23.1527777777778,,Arrival .RWS,20.6,123,5.3125374925015,6.1  ,66%,123.8
,,,,,,,,,,,,,  ,,
,,,FAOP,02/25/2024,,04:24:00 AM,,,Out to Sea ( RWS → KP  ),,,,  ,,
,,,EOSP,02/25/2024,,04:00:00 PM,0.805555555555556,,Arrival.KHL .KP ,25,130,161.379310344828,8.4  ,48%,141.8
,,,,,,,,,,,,,  ,,
,,,FAOP,02/26/2024,,06:12:00 AM,,,Out to Sea (  KP  → RWS ),,,,  ,,
,,,EOSP,02/26/2024,,05:18:00 PM,0.770833333333333,,Arrival .RWS,23,127,164.756756756757,8.2  ,64%,140
,,,,,,,,,,,,,  ,,
,,,FAOP,02/27/2024,,04:00:00 PM,,,Out to Sea ( RWS → KP  ),,,,  ,,
,,,EOSP,02/28/2024,,02:42:00 AM,23.0763888888889,,Arrival.KHL .KP ,21.3,128,5.54679506470057,7.8  ,66%,143.2
,,,,,,,,,,,,,  ,,
,,,FAOP,02/29/2024,,06:30:00 PM,,,Out to Sea ( RWS → KP  ),,,,  ,,
,,,EOSP,03/01/2024,,09:18:00 AM,14.8,,Arrival .RWS,31.9,144,9.72972972972973,1.3  ,43%,134.6
,,,,,,,,,,,,,  ,,
,,,FAOP,03/02/2024,,09:24:00 PM,,,Out to Sea ( RWS → KP  ),,,,  ,,
,,,EOSP,03/03/2024,,09:42:00 AM,23.1875,,Arrival.KHL .KP ,24.7,123,5.30458221024259,6.4  ,44%,125.2
,,,,,,,,,,,,,  ,,
,,,FAOP,03/04/2024,,03:36:00 AM,,,Out to Sea (  KP  → RWS ),,,,  ,,
,,,EOSP,03/04/2024,,01:42:00 PM,0.701388888888889,,Arrival .RWS,19,123,175.366336633663,7.4  ,63%,141.6
,,,,,,,,,,,,,  ,,
,,,FAOP,03/05/2024,,10:36:00 AM,,,Out to Sea ( RWS → KP  ),,,,  ,,
,,,EOSP,03/05/2024,,08:48:00 PM,0.708333333333334,,Arrival.KHL .KP ,22.3,120,169.411764705882,7.7  ,67%,142.7
,,,,,,,,,,,,,  ,,
,,,FAOP,03/06/2024,,01:30:00 PM,,,Out to Sea (  KP  → RWS ),,,,  ,,
,,,EOSP,03/07/2024,,12:12:00 AM,23.0763888888889,,Arrival .RWS,20.5,126,5.46012639181463,7.8  ,63%,139.5
,,,,,,,,,,,,,  ,,
,,,FAOP,03/07/2024,,09:00:00 PM,,,Out to Sea ( RWS → KP  ),,,,  ,,
,,,EOSP,03/08/2024,,09:06:00 AM,23.1736111111111,,Arrival.KHL .KP ,28.6,123,5.30776146239137,8.  ,67%,134.1
,,,,,,,,,,,,,  ,,
,,,FAOP,03/09/2024,,03:12:00 AM,,,Out to Sea (  KP  → RWS ),,,,  ,,
,,,EOSP,03/09/2024,,01:30:00 PM,0.715277777777778,,Arrival .RWS,19.3,124,173.359223300971,8.1  ,64%,140.6
,,,,,,,,,,,,,  ,,
,,,FAOP,03/10/2024,,02:00:00 PM,,,Out to Sea ( RWS → KP  ),,,,  ,,
,,,EOSP,03/11/2024,,12:30:00 AM,23.0625,,Arrival.KHL .KP ,23.4,122,5.289972899729,8.2  ,66%,142.9
,,,,,,,,,,,,,  ,,
,,,FAOP,03/11/2024,,09:18:00 PM,,,Out to Sea (  KP  → RWS ),,,,  ,,
,,,EOSP,03/12/2024,,07:00:00 AM,23.0069444444444,,Arrival .RWS,15.7,123,5.34621189254452,7.6  ,64%,141.7
,,,,,,,,,,,,,  ,,
,,,FAOP,03/13/2024,,04:00:00 AM,,,Out to Sea ( RWS → KP  ),,,,  ,,
,,,EOSP,03/13/2024,,02:42:00 PM,0.743055555555555,,Arrival.KHL .KP ,24,123,165.532710280374,8.2  ,64%,142.7
,,,,,,,,,,,,,  ,,
,,,FAOP,03/14/2024,,08:30:00 PM,,,Out to Sea (  KP  → RWS ),,,,  ,,
,,,EOSP,03/15/2024,,06:00:00 AM,22.9930555555556,,Arrival .RWS,20.1,114,4.95801872546059,7.4  ,66%,141.5
,,,,,,,,,,,,,  ,,
,,,FAOP,03/16/2024,,02:12:00 AM,,,Out to Sea ( RWS → KP  ),,,,  ,,
,,,EOSP,03/16/2024,,02:06:00 PM,0.826388888888889,,Arrival.KHL .KP ,26,120.1,145.331092436975,7.  ,48%,128.9
,,,,,,,,,,,,,  ,,
,,,FAOP,03/19/2024,,05:18:00 PM,,,Out to Sea ( RWS → KP  ),,,,  ,,
,,,EOSP,03/20/2024,,06:48:00 AM,23.2708333333333,,Arrival.KHL .KP ,27.8,127,5.45747538048344,7.2  ,43%,122.8
,,,,,,,,,,,,,  ,,
,,,FAOP,03/21/2024,,12:48:00 AM,,,Out to Sea (  KP  → RWS ),,,,  ,,
,,,EOSP,03/21/2024,,02:00:00 PM,0.916666666666667,,Arrival .RWS,27.9,125,136.363636363636,7.2  ,42%,123.8
,,,,,,,,,,,,,  ,,
,,,FAOP,03/22/2024,,01:24:00 PM,,,Out to Sea ( RWS → KP  ),,,,  ,,
,,,EOSP,03/23/2024,,02:06:00 AM,23.2152777777778,,Arrival.KHL .KP ,24.5,125,5.38438528268023,6.8  ,43%,122.8
,,,,,,,,,,,,,  ,,
,,,FAOP,03/23/2024,,05:48:00 PM,,,Out to Sea (  KP  → RWS ),,,,  ,,
,,,EOSP,03/24/2024,,05:00:00 AM,23.1111111111111,,Arrival .RWS,18,120,5.19230769230769,6.  ,44%,123.2
,,,,,,,,,,,,,  ,,
,,,FAOP,03/25/2024,,06:42:00 PM,,,Out to Sea ( RWS → KP  ),,,,  ,,
,,,EOSP,03/26/2024,,07:42:00 AM,23.2361111111111,,Arrival.KHL .KP ,26.6,125,5.37955768081291,6.8  ,45%,123.4
,,,,,,,,,,,,,  ,,
,,,FAOP,03/27/2024,,10:00:00 AM,,,Out to Sea (  KP  → RWS ),,,,  ,,
,,,EOSP,03/27/2024,,11:12:00 PM,0.916666666666667,,Arrival .RWS,27.5,126,137.454545454545,7.1  ,45%,124
,,,,,,,,,,,,,  ,,
,,,FAOP,03/28/2024,,10:18:00 PM,,,Out to Sea ( RWS → KP  ),,,,  ,,
,,,EOSP,03/29/2024,,11:00:00 AM,23.2152777777778,,Arrival.KHL .KP ,26.5,123,5.29823511815734,6.7  ,45%,124.2
,,,,,,,,,,,,,  ,,
,,,FAOP,04/01/2024,,09:12:00 AM,,,Out to Sea ( RWS → KP  ),,,,  ,,
,,,EOSP,04/01/2024,,09:00:00 PM,0.819444444444445,,Arrival.KHL .KP ,21,122,148.881355932203,6.3  ,45%,123.1
,,,,,,,,,,,,,  ,,
,,,FAOP,04/02/2024,,07:24:00 PM,,,Out to Sea (  KP  → RWS ),,,,  ,,
,,,EOSP,04/03/2024,,07:00:00 AM,23.1388888888889,,Arrival .RWS,19.7,123,5.31572629051621,6.3  ,47%,124.3
,,,,,,,,,,,,,  ,,
,,,FAOP,04/04/2024,,07:00:00 AM,,,Out to Sea ( RWS → KP  ),,,,  ,,
,,,EOSP,04/04/2024,,06:00:00 PM,0.763888888888889,,Arrival.KHL .KP ,21.4,120,157.090909090909,6.7  ,53%,130.6
,,,,,,,,,,,,,  ,,
,,,FAOP,04/05/2024,,05:48:00 PM,,,Out to Sea (  KP  → RWS ),,,,  ,,
,,,EOSP,04/06/2024,,05:12:00 AM,23.125,,Arrival .RWS,18.9,120,5.18918918918919,6.1  ,43%,122.3
,,,,,,,,,,,,,  ,,
,,,FAOP,04/07/2024,,03:36:00 AM,,,Out to Sea ( RWS → KP  ),,,,  ,,
,,,EOSP,04/07/2024,,03:42:00 PM,0.840277777777778,,Arrival.KHL .KP ,26.5,122,145.190082644628,7.4  ,44%,129.2
,,,,,,,,,,,,,  ,,
,,,FAOP,04/08/2024,,09:42:00 AM,,,Out to Sea (  KP  → RWS ),,,,  ,,
,,,EOSP,04/08/2024,,09:12:00 PM,0.798611111111111,,Arrival .RWS,18,124,155.269565217391,6.3  ,42%,124
,,,,,,,,,,,,,  ,,
,,,FAOP,04/09/2024,,08:42:00 PM,,,Out to Sea ( RWS → KP  ),,,,  ,,
,,,EOSP,04/10/2024,,09:12:00 AM,23.2013888888889,,Arrival.KHL .KP ,24.9,123,5.30140676444178,6.6  ,48%,123.5
,,,,,,,,,,,,,  ,,
,,,FAOP,04/11/2024,,02:12:00 AM,,,Out to Sea (  KP  → RWS ),,,,  ,,
,,,EOSP,04/11/2024,,02:24:00 PM,0.847222222222222,,Arrival .RWS,22.8,123,145.180327868852,6.3  ,43%,123.1
,,,,,,,,,,,,,  ,,
,,,FAOP,04/20/2024,,02:06:00 PM,,,Out to Sea ( RWS → KP  ),,,,  ,,
,,,EOSP,04/21/2024,,01:42:00 AM,23.1388888888889,,Arrival.KHL .KP ,19.5,122,5.27250900360144,6.1  ,44%,123.1
,,,,,,,,,,,,,  ,,
,,,FAOP,04/21/2024,,07:36:00 PM,,,Out to Sea (  KP  → RWS ),,,,  ,,
,,,EOSP,04/22/2024,,05:12:00 AM,23,,Arrival .RWS,16,118.7,5.16086956521739,6.7  ,59%,137.2
,,,,,,,,,,,,,  ,,
,,,FAOP,04/25/2024,,01:36:00 PM,,,Out to Sea (  KP  → RWS ),,,,  ,,
,,,EOSP,04/26/2024,,02:30:00 AM,23.2291666666667,,Arrival .RWS,17.5,136.2,5.86331838565022,6.3  ,41%,120.6
,,,,,,,,,,,,,  ,,
,,,FAOP,04/27/2024,,12:36:00 AM,,,Out to Sea ( RWS → KP  ),,,,  ,,
,,,EOSP,04/27/2024,,11:30:00 AM,0.756944444444445,,Arrival.KHL .KP ,23.2,120.8,159.588990825688,7.3  ,64%,136
,,,,,,,,,,,,,  ,,
,,,FAOP,04/28/2024,,08:06:00 AM,,,Out to Sea (  KP  → RWS ),,,,  ,,
,,,EOSP,04/28/2024,,05:48:00 PM,0.673611111111111,,Arrival .RWS,20.9,113.2,168.049484536082,6.9  ,61%,139
,,,,,,,,,,,,,  ,,
,,,FAOP,04/29/2024,,06:42:00 PM,,,Out to Sea ( RWS → KP  ),,,,  ,,
,,,EOSP,04/30/2024,,06:30:00 AM,23.1527777777778,,Arrival.KHL .KP ,23.3,119.5,5.16136772645471,6.3  ,39%,124.4
,,,,,,,,,,,,,  ,,
,,,FAOP,05/01/2024,,12:12:00 AM,,,Out to Sea (  KP  → RWS ),,,,  ,,
,,,EOSP,05/01/2024,,11:00:00 AM,0.75,,Arrival .RWS,21.5,119.8,159.733333333333,6.9  ,44%,133.1
,,,,,,,,,,,,,  ,,
,,,FAOP,05/03/2024,,10:06:00 AM,,,Out to Sea ( RWS → KP  ),,,,  ,,
,,,EOSP,05/03/2024,,10:00:00 PM,0.826388888888889,,Arrival.KHL .KP ,28,115.2,139.401680672269,6.7  ,46%,125.8
,,,,,,,,,,,,,  ,,
,,,FAOP,05/05/2024,,09:06:00 AM,,,Out to Sea (  KP  → RWS ),,,,  ,,
,,,EOSP,05/05/2024,,06:00:00 PM,0.618055555555556,,Arrival .RWS,20.8,106,171.505617977528,6.9  ,66%,141.6
,,,,,,,,,,,,,  ,,
,,,FAOP,05/06/2024,,02:06:00 PM,,,Out to Sea ( RWS → KP  ),,,,  ,,
,,,EOSP,05/07/2024,,02:00:00 AM,23.1597222222222,,Arrival.KHL .KP ,26.6,119.7,5.16845577211394,7.1  ,48%,129.1
,,,,,,,,,,,,,  ,,
,,,FAOP,05/07/2024,,07:00:00 PM,,,Out to Sea (  KP  → RWS ),,,,  ,,
,,,EOSP,05/08/2024,,05:54:00 AM,23.0902777777778,,Arrival .RWS,15.8,118.3,5.12336842105263,5.7  ,44%,121.5
,,,,,,,,,,,,,  ,,
,,,FAOP,05/10/2024,,06:06:00 AM,,,Out to Sea ( RWS → KP  ),,,,  ,,
,,,EOSP,05/10/2024,,05:00:00 PM,0.756944444444444,,Arrival.KHL .KP ,23,123.1,162.62752293578,8.4  ,64%,139
,,,,,,,,,,,,,  ,,
,,,FAOP,05/11/2024,,11:06:00 AM,,,Out to Sea (  KP  → RWS ),,,,  ,,
,,,EOSP,05/11/2024,,10:42:00 PM,0.805555555555556,,Arrival .RWS,21,118,146.48275862069,6.2  ,40%,121
,,,,,,,,,,,,,  ,,
,,,FAOP,05/12/2024,,05:06:00 PM,,,Out to Sea ( RWS → KP  ),,,,  ,,
,,,EOSP,05/13/2024,,05:00:00 AM,23.1597222222222,,Arrival.KHL .KP ,22.1,119.7,5.16845577211394,6.1  ,42%,121.7
,,,,,,,,,,,,,  ,,
,,,FAOP,05/14/2024,,03:12:00 AM,,,Out to Sea (  KP  → RWS ),,,,  ,,
,,,EOSP,05/14/2024,,02:00:00 PM,0.75,,Arrival .RWS,23.6,117.9,157.2,7.3  ,52%,134.6
,,,,,,,,,,,,,  ,,
,,,FAOP,05/15/2024,,11:06:00 AM,,,Out to Sea ( RWS → KP  ),,,,  ,,
,,,EOSP,05/15/2024,,09:42:00 PM,0.736111111111111,,Arrival.KHL .KP ,24.8,119.3,162.067924528302,8.  ,44%,141.1
,,,,,,,,,,,,,  ,,
,,,FAOP,05/16/2024,,05:36:00 PM,,,Out to Sea (  KP  → RWS ),,,,  ,,
,,,EOSP,05/17/2024,,05:30:00 AM,23.1597222222222,,Arrival .RWS,22,119.2,5.14686656671664,6.2  ,41%,121
,,,,,,,,,,,,,  ,,
,,,FAOP,05/18/2024,,04:12:00 AM,,,Out to Sea ( RWS → KP  ),,,,  ,,
,,,EOSP,05/18/2024,,03:00:00 PM,0.75,,Arrival.KHL .KP ,26,120.6,160.8,8.8  ,65%,142
,,,,,,,,,,,,,  ,,
,,,FAOP,05/19/2024,,03:06:00 PM,,,Out to Sea (  KP  → RWS ),,,,  ,,
,,,EOSP,05/20/2024,,03:00:00 AM,23.1597222222222,,Arrival .RWS,21.9,119.5,5.15982008995502,6.4  ,44%,121.2
,,,,,,,,,,,,,  ,,
,,,FAOP,05/21/2024,,12:06:00 AM,,,Out to Sea ( RWS → KP  ),,,,  ,,
,,,EOSP,05/21/2024,,11:54:00 AM,0.819444444444445,,Arrival.KHL .KP ,21.5,119,145.220338983051,6.7  ,46%,121.1
,,,,,,,,,,,,,  ,,
,,,FAOP,05/25/2024,,12:06:00 PM,,,Out to Sea ( RWS → KP  ),,,,  ,,
,,,EOSP,05/25/2024,,11:00:00 PM,0.756944444444445,,Arrival.KHL .KP ,30.5,101.3,133.82752293578,7.2  ,52%,126
,,,,,,,,,,,,,  ,,
,,,FAOP,05/27/2024,,11:06:00 AM,,,Out to Sea (  KP  → RWS ),,,,  ,,
,,,EOSP,05/27/2024,,09:00:00 PM,0.6875,,Arrival .RWS,22.4,113.7,165.381818181818,7.7  ,61%,139.5
,,,,,,,,,,,,,  ,,
,,,FAOP,05/28/2024,,06:06:00 PM,,,Out to Sea ( RWS → KP  ),,,,  ,,
,,,EOSP,05/29/2024,,06:00:00 AM,23.1597222222222,,Arrival.KHL .KP ,29.4,108.3,4.67622188905547,6.7  ,42%,121.4
,,,,,,,,,,,,,  ,,
,,,FAOP,05/30/2024,,12:06:00 AM,,,Out to Sea (  KP  → RWS ),,,,  ,,
,,,EOSP,05/30/2024,,11:00:00 AM,0.756944444444444,,Arrival .RWS,24.6,120.1,158.664220183486,8.3  ,64%,137.7
,,,,,,,,,,,,,  ,,
,,,FAOP,06/03/2024,,11:06:00 PM,,,Out to Sea (  KP  → RWS ),,,,  ,,
,,,EOSP,06/04/2024,,08:00:00 AM,22.9513888888889,,Arrival .RWS,15.1,115.7,5.04108925869894,7.4  ,61%,144.3
,,,,,,,,,,,,,  ,,
,,,FAOP,06/05/2024,,09:06:00 AM,,,Out to Sea ( RWS → KP  ),,,,  ,,
,,,EOSP,06/05/2024,,05:00:00 PM,0.548611111111111,,Arrival.KHL .KP ,13.8,109.9,200.324050632911,7.7  ,62%,153.1
,,,,,,,,,,,,,  ,,
,,,FAOP,06/06/2024,,02:06:00 PM,,,Out to Sea (  KP  → RWS ),,,,  ,,
,,,EOSP,06/07/2024,,12:00:00 AM,23.0208333333333,,Arrival .RWS,9.8,115.2,5.0041628959276,52.  ,30%,121.2
,,,,,,,,,,,,,  ,,
,,,FAOP,06/07/2024,,07:06:00 PM,,,Out to Sea ( RWS → KP  ),,,,  ,,
,,,EOSP,06/08/2024,,06:00:00 AM,23.0902777777778,,Arrival.KHL .KP ,17.1,116,5.02375939849624,5.9  ,32%,121
,,,,,,,,,,,,,  ,,
,,,FAOP,06/09/2024,,04:06:00 AM,,,Out to Sea (  KP  → RWS ),,,,  ,,
,,,EOSP,06/09/2024,,02:00:00 PM,0.6875,,Arrival .RWS,14.5,119.2,173.381818181818,6.4  ,38%,130.1
,,,,,,,,,,,,,  ,,
,,,FAOP,06/11/2024,,02:18:00 AM,,,Out to Sea ( RWS → KP  ),,,,  ,,
,,,EOSP,06/11/2024,,12:30:00 PM,0.708333333333334,,Arrival.KHL .KP ,16.1,112.8,159.247058823529,5.7  ,34%,121.3
,,,,,,,,,,,,,  ,,
,,,FAOP,06/12/2024,,08:06:00 AM,,,Out to Sea (  KP  → RWS ),,,,  ,,
,,,EOSP,06/12/2024,,06:00:00 PM,0.6875,,Arrival .RWS,12.8,121.2,176.290909090909,6.9  ,41%,133.8
,,,,,,,,,,,,,  ,,
,,,FAOP,06/14/2024,,03:42:00 AM,,,Out to Sea ( RWS → KP  ),,,,  ,,
,,,EOSP,06/14/2024,,02:30:00 PM,0.75,,Arrival.KHL .KP ,15.3,119,158.666666666667,5.37  ,32%,121
,,,,,,,,,,,,,  ,,
,,,FAOP,06/15/2024,,05:06:00 PM,,,Out to Sea (  KP  → RWS ),,,,  ,,
,,,EOSP,06/16/2024,,05:00:00 AM,23.1597222222222,,Arrival .RWS,21,121.2,5.23322338830585,6.3  ,30%,121.6
,,,,,,,,,,,,,  ,,
,,,FAOP,06/17/2024,,04:06:00 AM,,,Out to Sea ( RWS → KP  ),,,,  ,,
,,,EOSP,06/17/2024,,02:00:00 PM,0.6875,,Arrival.KHL .KP ,19.3,113.8,165.527272727273,7.1  ,47%,131.6
,,,,,,,,,,,,,  ,,
,,,FAOP,06/18/2024,,02:06:00 PM,,,Out to Sea (  KP  → RWS ),,,,  ,,
,,,EOSP,06/19/2024,,02:00:00 AM,23.1597222222222,,Arrival .RWS,19.7,122.6,5.29367316341829,6.5  ,31%,120.8
,,,,,,,,,,,,,  ,,
,,,FAOP,06/20/2024,,02:06:00 AM,,,Out to Sea ( RWS → KP  ),,,,  ,,
,,,EOSP,06/20/2024,,01:00:00 PM,0.756944444444444,,Arrival.KHL .KP ,20.3,112.8,149.020183486239,6.  ,30%,121
,,,,,,,,,,,,,  ,,
,,,FAOP,06/21/2024,,12:06:00 PM,,,Out to Sea (  KP  → RWS ),,,,  ,,
,,,EOSP,06/21/2024,,07:42:00 PM,0.527777777777778,,Arrival .RWS,12.2,111.8,211.831578947368,8.4  ,77%,157.8
,,,,,,,,,,,,,  ,,
,,,FAOP,06/22/2024,,04:06:00 PM,,,Out to Sea ( RWS → KP  ),,,,  ,,
,,,EOSP,06/23/2024,,04:00:00 AM,23.1597222222222,,Arrival.KHL .KP ,26.3,112.6,4.86188905547226,6.8  ,32%,121
,,,,,,,,,,,,,  ,,
,,,FAOP,06/24/2024,,04:06:00 AM,,,Out to Sea (  KP  → RWS ),,,,  ,,
,,,EOSP,06/24/2024,,01:00:00 PM,0.618055555555556,,Arrival .RWS,18.1,118.6,191.892134831461,8.7  ,64%,151.3
,,,,,,,,,,,,,  ,,
,,,FAOP,06/25/2024,,12:06:00 PM,,,Out to Sea ( RWS → KP  ),,,,  ,,
,,,EOSP,06/25/2024,,08:48:00 PM,0.604166666666667,,Arrival.KHL .KP ,17.9,115.5,191.172413793103,9.  ,65%,152.3
,,,,,,,,,,,,,  ,,
,,,FAOP,06/26/2024,,04:06:00 PM,,,Out to Sea (  KP  → RWS ),,,,  ,,
,,,EOSP,06/27/2024,,04:00:00 AM,23.1597222222222,,Arrival .RWS,22.3,119.2,5.14686656671664,6.8  ,32%,121.5
,,,,,,,,,,,,,  ,,
,,,FAOP,06/28/2024,,04:36:00 AM,,,Out to Sea ( RWS → KP  ),,,,  ,,
,,,EOSP,06/28/2024,,02:30:00 PM,0.6875,,Arrival.KHL .KP ,18.9,108.9,158.4,6.6  ,36%,128.4
,,,,,,,,,,,,,  ,,
,,,FAOP,06/29/2024,,05:36:00 PM,,,Out to Sea (  KP  → RWS ),,,,  ,,
,,,EOSP,06/30/2024,,04:00:00 AM,23.0555555555556,,Arrival .RWS,17.2,110.6,4.79710843373494,5.9  ,32%,121
,,,,,,,,,,,,,  ,,
,,,FAOP,07/01/2024,,04:36:00 AM,,,Out to Sea ( RWS → KP  ),,,,  ,,
,,,EOSP,07/01/2024,,03:30:00 PM,0.756944444444445,,Arrival.KHL .KP ,18.1,114.6,151.398165137615,6.  ,32%,120.5
,,,,,,,,,,,,,  ,,
,,,FAOP,07/02/2024,,01:36:00 PM,,,Out to Sea (  KP  → RWS ),,,,  ,,
,,,EOSP,07/03/2024,,01:30:00 AM,23.1597222222222,,Arrival .RWS,25.9,113.2,4.88779610194903,6.6  ,31%,120.9
,,,,,,,,,,,,,  ,,
,,,FAOP,07/04/2024,,01:36:00 AM,,,Out to Sea ( RWS → KP  ),,,,  ,,
,,,EOSP,07/04/2024,,10:00:00 AM,0.583333333333334,,Arrival.KHL .KP ,16.6,107.3,183.942857142857,7.5  ,56%,144.3
,,,,,,,,,,,,,  ,,
,,,FAOP,07/05/2024,,09:06:00 AM,,,Out to Sea (  KP  → RWS ),,,,  ,,
,,,EOSP,07/05/2024,,09:00:00 PM,0.826388888888889,,Arrival .RWS,24.1,117.8,142.547899159664,6.8  ,33%,121
,,,,,,,,,,,,,  ,,
,,,FAOP,07/06/2024,,07:36:00 PM,,,Out to Sea ( RWS → KP  ),,,,  ,,
,,,EOSP,07/07/2024,,07:30:00 AM,23.1597222222222,,Arrival.KHL .KP ,20.5,121.5,5.24617691154423,5.9  ,32%,121
,,,,,,,,,,,,,  ,,
,,,FAOP,07/08/2024,,06:36:00 AM,,,Out to Sea (  KP  → RWS ),,,,  ,,
,,,EOSP,07/08/2024,,02:42:00 PM,0.5625,,Arrival .RWS,28,105,186.666666666667,6.4  ,7300%,157.8
,,,,,,,,,,,,,  ,,
,,,FAOP,07/09/2024,,04:06:00 PM,,,Out to Sea ( RWS → KP  ),,,,  ,,
,,,EOSP,07/10/2024,,04:00:00 AM,23.1597222222222,,Arrival.KHL .KP ,25.5,114.3,4.93529235382309,5.  ,32%,121.5
,,,,,,,,,,,,,  ,,
,,,FAOP,07/10/2024,,10:06:00 PM,,,Out to Sea (  KP  → RWS ),,,,  ,,
,,,EOSP,07/11/2024,,09:00:00 AM,23.0902777777778,,Arrival .RWS,18.5,118.6,5.13636090225564,4.9  ,44%,125.9
,,,,,,,,,,,,,  ,,
,,,FAOP,07/25/2024,,08:06:00 PM,,,Out to Sea (  KP  → RWS ),,,,  ,,
,,,EOSP,07/26/2024,,08:00:00 AM,23.1597222222222,,Arrival .RWS,20.3,129.5,5.59160419790105,5.5  ,42%,128.7
,,,,,,,,,,,,,  ,,
,,,FAOP,08/05/2024,,03:06:00 PM,,,Out to Sea ( RWS → KP  ),,,,  ,,
,,,EOSP,08/06/2024,,03:00:00 AM,23.1597222222222,,Arrival.KHL .KP ,29.2,113.4,4.89643178410795,5.5  ,39%,126.8
,,,,,,,,,,,,,  ,,
,,,FAOP,08/07/2024,,12:36:00 AM,,,Out to Sea (  KP  → RWS ),,,,  ,,
,,,EOSP,08/07/2024,,10:36:00 AM,0.694444444444445,,Arrival .RWS,19.5,109.9,158.256,4.6  ,40%,128.7
,,,,,,,,,,,,,  ,,
,,,FAOP,08/12/2024,,06:06:00 AM,,,Out to Sea ( RWS → KP  ),,,,  ,,
,,,EOSP,08/12/2024,,04:00:00 PM,0.6875,,Arrival.KHL .KP ,21.6,116.5,169.454545454545,5.6  ,44%,130.8
,,,,,,,,,,,,,  ,,
,,,FAOP,08/13/2024,,08:36:00 PM,,,Out to Sea (  KP  → RWS ),,,,  ,,
,,,EOSP,08/14/2024,,06:00:00 AM,22.9861111111111,,Arrival .RWS,16.9,107.2,4.66368580060423,4.4  ,41%,129.3
,,,,,,,,,,,,,  ,,
,,,FAOP,08/15/2024,,08:06:00 AM,,,Out to Sea ( RWS → KP  ),,,,  ,,
,,,EOSP,08/15/2024,,03:00:00 PM,0.479166666666667,,Arrival.KHL .KP ,20.2,74.9,156.313043478261,3.4  ,40%,128.8
,,,,,,,,,,,,,  ,,
,,,FAOP,08/16/2024,,10:36:00 PM,,,Out to Sea (  KP  → RWS ),,,,  ,,
,,,EOSP,08/17/2024,,09:48:00 AM,23.1111111111111,,Arrival .RWS,17.2,126.8,5.48653846153846,5.3  ,42%,128.9
,,,,,,,,,,,,,  ,,
,,,FAOP,08/18/2024,,07:48:00 PM,,,Out to Sea ( RWS → KP  ),,,,  ,,
,,,EOSP,08/19/2024,,07:42:00 AM,23.1597222222222,,Arrival.KHL .KP ,26.2,118.3,5.1080059970015,5.8  ,40%,126.8
,`,,,,,,,,,,,,  ,,
,,,FAOP,08/20/2024,,12:00:00 PM,,,Out to Sea (  KP  → RWS ),,,,  ,,
,,,EOSP,08/20/2024,,09:18:00 PM,0.645833333333334,,Arrival .RWS,11.6,111.5,172.645161290323,4.3  ,40%,127.8
,,,,,,,,,,,,,  ,,
,,,FAOP,08/22/2024,,04:48:00 PM,,,Out to Sea ( RWS → KP  ),,,,  ,,
,,,EOSP,08/23/2024,,04:12:00 AM,23.125,,Arrival.KHL .KP ,23.8,116.4,5.03351351351351,5.1  ,40%,126.3
,,,,,,,,,,,,,  ,,
,,,FAOP,08/24/2024,,01:06:00 AM,,,Out to Sea (  KP  → RWS ),,,,  ,,
,,,EOSP,08/24/2024,,12:00:00 PM,0.756944444444445,,Arrival .RWS,14.3,126.9,167.647706422018,4.9  ,40%,
,,,,,,,,,,,,,  ,,
,,,FAOP,08/26/2024,,02:54:00 PM,,,Out to Sea ( RWS → KP  ),,,,  ,,
,,,EOSP,08/27/2024,,02:12:00 AM,23.1180555555556,,Arrival.KHL .KP ,21.7,119.5,5.16911985581256,5.2  ,39%,127.3
,,,,,,,,,,,,,  ,,
,,,FAOP,08/28/2024,,12:06:00 AM,,,Out to Sea (  KP  → RWS ),,,,  ,,
,,,EOSP,08/28/2024,,11:06:00 AM,0.763888888888889,,Arrival .RWS,17.5,123.1,161.149090909091,5.  ,40%,127.8
,,,,,,,,,,,,,  ,,
,,,FAOP,08/30/2024,,07:00:00 AM,,,Out to Sea ( RWS → KP  ),,,,  ,,
,,,EOSP,08/30/2024,,06:12:00 PM,0.777777777777778,,Arrival.KHL .KP ,25.1,112.8,145.028571428571,5.1  ,38%,126.7
,,,,,,,,,,,,,  ,,
,,,FAOP,08/31/2024,,11:18:00 PM,,,Out to Sea (  KP  → RWS ),,,,  ,,
,,,EOSP,09/01/2024,,10:00:00 AM,23.0763888888889,,Arrival .RWS,19,117.8,5.10478483298224,4.9  ,40%,128.1
,,,,,,,,,,,,,  ,,
,,,FAOP,09/03/2024,,10:30:00 AM,,,Out to Sea ( RWS → KP  ),,,,  ,,
,,,EOSP,09/03/2024,,09:30:00 PM,0.763888888888889,,Arrival.KHL .KP ,23.5,123.2,161.28,6.6  ,58%,141.9
,,,,,,,,,,,,,  ,,
,,,FAOP,09/04/2024,,04:12:00 PM,,,Out to Sea (  KP  → RWS ),,,,  ,,
,,,EOSP,09/05/2024,,02:12:00 AM,23.0277777777778,,Arrival .RWS,19.4,123.5,5.36308805790109,6.3  ,61%,144.4
,,,,,,,,,,,,,  ,,
,,,FAOP,09/07/2024,,12:30:00 AM,,,Out to Sea ( RWS → KP  ),,,,  ,,
,,,EOSP,09/07/2024,,10:30:00 AM,0.694444444444445,,Arrival.KHL .KP ,23.6,117,168.48,6.5  ,58%,144.3
,,,,,,,,,,,,,  ,,
,,,FAOP,09/08/2024,,01:48:00 AM,,,Out to Sea (  KP  → RWS ),,,,  ,,
,,,EOSP,09/08/2024,,12:00:00 PM,0.708333333333334,,Arrival .RWS,15.9,127.7,180.282352941176,6.1  ,59%,140.3
,,,,,,,,,,,,,  ,,
,,,FAOP,09/09/2024,,09:48:00 PM,,,Out to Sea ( RWS → KP  ),,,,  ,,
,,,EOSP,09/10/2024,,07:54:00 AM,23.0347222222222,,Arrival.KHL .KP ,21.7,120.9,5.24859813084112,6.5  ,58%,144.1
,,,,,,,,,,,,,  ,,
,,,FAOP,09/11/2024,,02:12:00 AM,,,Out to Sea (  KP  → RWS ),,,,  ,,
,,,EOSP,09/11/2024,,12:00:00 PM,0.680555555555556,,Arrival .RWS,15.5,128,188.081632653061,6.4  ,57%,145.6
,,,,,,,,,,,,,  ,,
,,,FAOP,09/12/2024,,04:30:00 AM,,,Out to Sea ( RWS → KP  ),,,,  ,,
,,,EOSP,09/12/2024,,02:42:00 PM,0.708333333333333,,Arrival.KHL .KP ,24.8,117.5,165.882352941177,6.6  ,57%,144.3
,,,,,,,,,,,,,  ,,
,,,FAOP,09/13/2024,,08:30:00 AM,,,Out to Sea (  KP  → RWS ),,,,  ,,
,,,EOSP,09/13/2024,,06:54:00 PM,0.722222222222222,,Arrival .RWS,18.5,128.9,178.476923076923,6.6  ,61%,144.3
,,,,,,,,,,,,,  ,,
,,,FAOP,09/14/2024,,06:30:00 PM,,,Out to Sea ( RWS → KP  ),,,,  ,,
,,,EOSP,09/15/2024,,05:48:00 AM,23.1180555555556,,Arrival.KHL .KP ,22.7,118.5,5.12586362270952,5.4  ,45%,127.8
,,,,,,,,,,,,,  ,,
,,,FAOP,09/16/2024,,03:00:00 AM,,,Out to Sea (  KP  → RWS ),,,,  ,,
,,,EOSP,09/16/2024,,01:12:00 PM,0.708333333333333,,Arrival .RWS,19.8,124.9,176.329411764706,6.6  ,58%,144.3
,,,,,,,,,,,,,  ,,
,,,FAOP,09/25/2024,,03:42:00 PM,,,Out to Sea ( RWS → KP  ),,,,  ,,
,,,EOSP,09/26/2024,,02:54:00 AM,23.1111111111111,,Arrival.KHL .KP ,22.1,118.3,5.11875,5.5  ,41%,127.8
,,,,,,,,,,,,,  ,,
,,,FAOP,09/26/2024,,10:00:00 PM,,,Out to Sea (  KP  → RWS ),,,,  ,,
,,,EOSP,09/27/2024,,10:18:00 AM,23.1875,,Arrival .RWS,22.4,129.6,5.58921832884097,6.  ,41%,127.9
,,,,,,,,,,,,,  ,,
,,,FAOP,09/28/2024,,05:12:00 AM,,,Out to Sea ( RWS → KP  ),,,,  ,,
,,,EOSP,09/28/2024,,04:42:00 PM,0.798611111111111,,Arrival.KHL .KP ,24.1,117.5,147.130434782609,5.5  ,40%,126.7
,,,,,,,,,,,,,  ,,
,,,FAOP,09/29/2024,,08:54:00 AM,,,Out to Sea (KP→ RWS ),,,,  ,,
,,,EOSP,09/29/2024,,08:00:00 PM,0.770833333333334,,Arrival .RWS,17,126.7,164.367567567568,5.6  ,40%,128
,,,,,,,,,,,,,  ,,
,,,FAOP,09/30/2024,,04:18:00 PM,,,Out to Sea ( RWS → KP  ),,,,  ,,
,,,EOSP,10/01/2024,,04:36:00 AM,23.1875,,Arrival .KP,26.7,121.7,5.24851752021563,6.3  ,42%,127.1
,,,,,,,,,,,,,  ,,
,,,FAOP,10/01/2024,,09:12:00 PM,,,Out to Sea (KP→ RWS ),,,,  ,,
,,,EOSP,10/02/2024,,08:12:00 AM,23.0972222222222,,Arrival .RWS,15.6,126.1,5.45953096812989,5.7  ,41%,128
,,,,,,,,,,,,,  ,,
,,,FAOP,10/03/2024,,07:18:00 AM,,,Out to Sea ( RWS → KP  ),,,,  ,,
,,,EOSP,10/03/2024,,07:12:00 PM,0.826388888888889,,Arrival .KP,22,123.7,149.687394957983,5.8  ,40%,127.1
,,,,,,,,,,,,,  ,,
,,,FAOP,10/04/2024,,03:42:00 PM,,,Out to Sea (KP→ RWS ),,,,  ,,
,,,EOSP,10/05/2024,,04:24:00 AM,23.2152777777778,,Arrival .RWS,25.5,128.3,5.52653305414299,6.7  ,43%,127.8
,,,,,,,,,,,,,  ,,
,,,FAOP,10/06/2024,,12:48:00 AM,,,Out to Sea ( RWS → KP  ),,,,  ,,
,,,EOSP,10/06/2024,,12:48:00 PM,0.833333333333334,,Arrival .KP,25.6,121.4,145.68,6.  ,40%,126.7
,,,,,,,,,,,,,  ,,
,,,FAOP,10/07/2024,,07:18:00 AM,,,Out to Sea (KP→ RWS ),,,,  ,,
,,,EOSP,10/07/2024,,06:24:00 PM,0.770833333333333,,Arrival .RWS,15,128.3,166.443243243243,5.7  ,40%,128
,,,,,,,,,,,,,  ,,
,,,FAOP,10/08/2024,,04:54:00 PM,,,Out to Sea ( RWS → KP  ),,,,  ,,
,,,EOSP,10/09/2024,,04:30:00 AM,23.1388888888889,,Arrival .KP,23.3,121,5.22929171668667,6.  ,41%,128
,,,,,,,,,,,,,  ,,
,,,FAOP,10/10/2024,,12:06:00 AM,,,Out to Sea (KP→ RWS ),,,,  ,,
,,,EOSP,10/10/2024,,10:30:00 AM,0.722222222222222,,Arrival .RWS,14.9,119.5,165.461538461538,5.1  ,41%,127.2
,,,,,,,,,,,,,  ,,
,,,FAOP,10/11/2024,,07:06:00 AM,,,Out to Sea ( RWS → KP  ),,,,  ,,
,,,EOSP,10/11/2024,,06:12:00 PM,0.770833333333333,,Arrival .KP,25.3,118.7,153.989189189189,7.7  ,43%,127
,,,,,,,,,,,,,  ,,
,,,FAOP,10/12/2024,,09:06:00 PM,,,Out to Sea (KP→ RWS ),,,,  ,,
,,,EOSP,10/13/2024,,07:30:00 AM,23.0555555555556,,Arrival .RWS,17.1,121.3,5.26120481927711,6.  ,43%,127
,,,,,,,,,,,,,  ,,
,,,FAOP,10/14/2024,,05:06:00 AM,,,Out to Sea ( RWS → KP  ),,,,  ,,
,,,EOSP,10/14/2024,,04:30:00 PM,0.791666666666667,,Arrival .KP,24,118.5,149.684210526316,6.2  ,41%,127
,,,,,,,,,,,,,  ,,
,,,FAOP,10/15/2024,,12:06:00 PM,,,Out to Sea (KP→ RWS ),,,,  ,,
,,,EOSP,10/15/2024,,10:18:00 PM,0.708333333333334,,Arrival .RWS,14.9,116.9,165.035294117647,5.8  ,40%,127
,,,,,,,,,,,,,  ,,
,,,FAOP,10/17/2024,,10:12:00 AM,,,Out to Sea ( RWS → KP  ),,,,  ,,
,,,EOSP,10/17/2024,,09:30:00 PM,0.784722222222222,,Arrival .KP,23.6,115.7,147.440707964602,6.3  ,40%,127
,,,,,,,,,,,,,  ,,
,,,FAOP,10/19/2024,,12:30:00 AM,,,Out to Sea (KP→ RWS ),,,,  ,,
,,,EOSP,10/19/2024,,12:00:00 PM,0.798611111111111,,Arrival .RWS,16.4,130.1,162.907826086957,5.9  ,41%,128
,,,,,,,,,,,,,  ,,
,,,FAOP,10/20/2024,,07:30:00 PM,,,Out to Sea ( RWS → KP  ),,,,  ,,
,,,EOSP,10/21/2024,,06:36:00 AM,23.1041666666667,,Arrival .KP,24.6,113.3,4.90387736699729,6.1  ,42%,127.6
,,,,,,,,,,,,,  ,,
,,,FAOP,10/22/2024,,12:00:00 PM,,,Out to Sea (KP→ RWS ),,,,  ,,
,,,EOSP,10/23/2024,,12:00:00 AM,23.1666666666667,,Arrival .RWS,19.3,130.2,5.62014388489209,6.1  ,41%,127
,,,,,,,,,,,,,  ,,
,,,FAOP,10/24/2024,,12:30:00 AM,,,Out to Sea ( RWS → KP  ),,,,  ,,
,,,EOSP,10/24/2024,,01:00:00 PM,0.868055555555556,,Arrival .KP,25.2,119.9,138.1248,6.3  ,38%,124
,,,,,,,,,,,,,  ,,
,,,FAOP,10/25/2024,,11:00:00 AM,,,Out to Sea (KP→ RWS ),,,,  ,,
,,,EOSP,10/25/2024,,10:00:00 PM,0.763888888888889,,Arrival .RWS,21.4,124.7,163.243636363636,6.8  ,44%,137
,,,,,,,,,,,,,  ,,
,,,FAOP,10/26/2024,,10:00:00 PM,,,Out to Sea ( RWS → KP  ),,,,  ,,
,,,EOSP,10/27/2024,,10:00:00 AM,23.1666666666667,,Arrival .CSP,24.2,122.7,5.29640287769784,6.2  ,42%,126
,,,,,,,,,,,,,  ,,
,,,FAOP,10/28/2024,,03:30:00 AM,,,Out to Sea (KP→ RWS ),,,,  ,,
,,,EOSP,10/28/2024,,03:30:00 PM,0.833333333333334,,Arrival .RWS,19.3,125.2,150.24,7.3  ,41%,130
,,,,,,,,,,,,,  ,,
,,,FAOP,10/30/2024,,11:00:00 AM,,,Out to Sea ( RWS → KP  ),,,,  ,,
,,,EOSP,10/30/2024,,10:12:00 PM,0.777777777777778,,Arrival .KP,26.3,112.8,145.028571428571,5.9  ,46%,127
,,,,,,,,,,,,,  ,,
,,,FAOP,11/01/2024,,05:42:00 PM,,,Out to Sea (KP→ RWS ),,,,  ,,
,,,EOSP,11/02/2024,,05:30:00 AM,23.1527777777778,,Arrival .RWS,19.9,127.7,5.51553689262148,6.2  ,45%,127.4
,,,,,,,,,,,,,  ,,
,,,FAOP,11/03/2024,,05:48:00 AM,,,Out to Sea ( RWS → KP  ),,,,  ,,
,,,EOSP,11/03/2024,,04:54:00 PM,0.770833333333334,,Arrival .KP,23.9,124.2,161.124324324324,7.3  ,59%,127
,,,,,,,,,,,,,  ,,
,,,FAOP,11/04/2024,,08:48:00 AM,,,Out to Sea (KP→ RWS ),,,,  ,,
,,,EOSP,11/04/2024,,08:30:00 PM,0.8125,,Arrival .RWS,18,125.3,154.215384615385,5.5  ,38%,123
,,,,,,,,,,,,,  ,,
,,,FAOP,11/06/2024,,02:00:00 PM,,,Out to Sea ( RWS → KP  ),,,,  ,,
,,,EOSP,11/07/2024,,01:42:00 AM,23.1458333333333,,Arrival .KP,23.5,116.5,5.03330333033303,5.8  ,38%,123
,,,,,,,,,,,,,  ,,
,,,FAOP,11/07/2024,,10:06:00 PM,,,Out to Sea (KP→ RWS ),,,,  ,,
,,,EOSP,11/08/2024,,09:00:00 AM,23.0902777777778,,Arrival .RWS,18.4,122.2,5.29227067669173,6.  ,42%,129
,,,,,,,,,,,,,  ,,
,,,FAOP,11/09/2024,,04:00:00 AM,,,Out to Sea ( RWS → KP  ),,,,  ,,
,,,EOSP,11/09/2024,,03:00:00 PM,0.763888888888889,,Arrival .KP,22,119.5,156.436363636364,6.6  ,42%,129
,,,,,,,,,,,,,  ,,
,,,FAOP,11/10/2024,,08:00:00 AM,,,Out to Sea (KP→ RWS ),,,,  ,,
,,,EOSP,11/10/2024,,07:30:00 PM,0.798611111111111,,Arrival .RWS,21,128.2,160.528695652174,5.9  ,39%,126
,,,,,,,,,,,,,  ,,
,,,FAOP,11/11/2024,,11:36:00 PM,,,Out to Sea ( RWS → KP  ),,,,  ,,
,,,EOSP,11/12/2024,,12:00:00 PM,23.1944444444444,,Arrival .KP,21.2,130,5.60479041916168,6.4  ,42%,127
,,,,,,,,,,,,,  ,,
,,,FAOP,11/13/2024,,08:30:00 AM,,,Out to Sea (KP→ RWS ),,,,  ,,
,,,EOSP,11/13/2024,,07:54:00 PM,0.791666666666667,,Arrival .RWS,18.2,126.5,159.789473684211,6.1  ,41%,127
,,,,,,,,,,,,,  ,,
,,,FAOP,11/17/2024,,05:30:00 PM,,,Out to Sea ( RWS → KP  ),,,,  ,,
,,,EOSP,11/18/2024,,04:48:00 AM,23.1180555555556,,Arrival .KP,26.1,113.2,4.89660558726344,6.1  ,42%,127
,,,,,,,,,,,,,  ,,
,,,FAOP,11/19/2024,,12:06:00 AM,,,Out to Sea (KP→ RWS ),,,,  ,,
,,,EOSP,11/19/2024,,11:00:00 AM,0.756944444444444,,Arrival .RWS,14.1,127.1,167.911926605505,6.  ,42%,127
,,,,,,,,,,,,,  ,,
,,,FAOP,11/20/2024,,07:36:00 AM,,,Out to Sea ( RWS → KP  ),,,,  ,,
,,,EOSP,11/20/2024,,05:06:00 PM,0.659722222222222,,Arrival .KP,20.7,116.2,176.134736842105,7.9  ,63%,127
,,,,,,,,,,,,,  ,,
,,,FAOP,11/21/2024,,10:30:00 AM,,,Out to Sea (KP→ RWS ),,,,  ,,
,,,EOSP,11/21/2024,,10:00:00 PM,0.798611111111111,,Arrival .RWS,19.2,125.3,156.897391304348,6.  ,42%,127
,,,,,,,,,,,,,  ,,
,,,FAOP,11/22/2024,,09:42:00 PM,,,Out to Sea ( RWS → KP  ),,,,  ,,
,,,EOSP,11/23/2024,,10:00:00 AM,23.1875,,Arrival .KP,26.7,114.6,4.94231805929919,6.1  ,40%,125
,,,,,,,,,,,,,  ,,
,,,FAOP,11/24/2024,,08:18:00 AM,,,Out to Sea (KP→ RWS ),,,,  ,,
,,,EOSP,11/24/2024,,08:48:00 PM,0.868055555555556,,Arrival .RWS,22,126.6,145.8432,6.3  ,41%,125
,,,,,,,,,,,,,  ,,
,,,FAOP,11/25/2024,,08:06:00 PM,,,Out to Sea ( RWS → KP  ),,,,  ,,
,,,EOSP,11/26/2024,,08:30:00 AM,23.1944444444444,,Arrival .KP,25.9,117.7,5.07449101796407,6.2  ,41%,125
,,,,,,,,,,,,,  ,,
,,,FAOP,11/27/2024,,03:06:00 AM,,,Out to Sea (KP→ RWS ),,,,  ,,
,,,EOSP,11/27/2024,,02:06:00 PM,0.763888888888889,,Arrival .RWS,22.4,127.4,166.778181818182,6.5  ,45%,129
,,,,,,,,,,,,,  ,,
,,,FAOP,11/28/2024,,12:00:00 PM,,,Out to Sea ( RWS → KP  ),,,,  ,,
,,,EOSP,11/29/2024,,12:00:00 AM,23.1666666666667,,Arrival .KP,26.2,116.6,5.03309352517986,6.3  ,40%,125
,,,,,,,,,,,,,  ,,
,,,FAOP,11/29/2024,,09:12:00 PM,,,Out to Sea (KP→ RWS ),,,,  ,,
,,,EOSP,11/30/2024,,08:00:00 AM,23.0833333333333,,Arrival .RWS,24,124.8,5.40649819494585,7.7  ,64%,127
,,,,,,,,,,,,,  ,,
,,,FAOP,12/01/2024,,10:54:00 AM,,,Out to Sea ( RWS → KP  ),,,,  ,,
,,,EOSP,12/01/2024,,11:00:00 PM,0.840277777777778,,Arrival .KP,26,118.7,141.262809917355,6.3  ,45%,125
,,,,,,,,,,,,,  ,,
,,,FAOP,12/02/2024,,03:54:00 PM,,,Out to Sea (KP→ RWS ),,,,  ,,
,,,EOSP,12/03/2024,,04:12:00 AM,23.1875,,Arrival .RWS,17.4,117.6,5.07169811320755,6.1  ,43%,125
,,,,,,,,,,,,,  ,,
,,,FAOP,12/04/2024,,01:30:00 AM,,,Out to Sea ( RWS → KP  ),,,,  ,,
,,,EOSP,12/04/2024,,01:30:00 PM,0.833333333333334,,Arrival .KP,26.6,118,141.6,6.2  ,42%,125
,,,,,,,,,,,,,  ,,
,,,FAOP,12/05/2024,,08:30:00 AM,,,Out to Sea (KP→ RWS ),,,,  ,,
,,,EOSP,12/05/2024,,07:48:00 PM,0.784722222222222,,Arrival .RWS,19,121.5,154.83185840708,5.7  ,41%,125
,,,,,,,,,,,,,  ,,
,,,FAOP,12/06/2024,,06:18:00 PM,,,Out to Sea ( RWS → KP  ),,,,  ,,
,,,EOSP,12/07/2024,,05:24:00 AM,23.1041666666667,,Arrival .KP,20.9,119.8,5.18521190261497,6.2  ,43%,128
,,,,,,,,,,,,,  ,,
,,,FAOP,12/07/2024,,08:30:00 PM,,,Out to Sea (KP→ RWS ),,,,  ,,
,,,EOSP,12/08/2024,,08:00:00 AM,23.1319444444444,,Arrival .RWS,20.4,125.1,5.40810567397178,6.5  ,48%,129
,,,,,,,,,,,,,  ,,
,,,FAOP,12/09/2024,,07:00:00 AM,,,Out to Sea ( RWS → KP  ),,,,  ,,
,,,EOSP,12/09/2024,,06:00:00 PM,0.763888888888889,,Arrival .KP,24.5,119.4,156.305454545455,8.3  ,60%,127
,,,,,,,,,,,,,  ,,
,,,FAOP,12/10/2024,,02:30:00 PM,,,Out to Sea (KP→ RWS ),,,,  ,,
,,,EOSP,12/11/2024,,02:18:00 AM,23.1527777777778,,Arrival .RWS,22,121.3,5.23911217756449,6.1  ,41%,125
,,,,,,,,,,,,,  ,,
,,,FAOP,12/12/2024,,09:12:00 AM,,,Out to Sea ( RWS → KP  ),,,,  ,,
,,,EOSP,12/12/2024,,07:00:00 PM,0.680555555555556,,Arrival .KP,22,116.7,171.477551020408,7.2  ,62%,143
,,,,,,,,,,,,,  ,,
,,,FAOP,12/13/2024,,06:48:00 PM,,,Out to Sea (KP→ RWS ),,,,  ,,
,,,EOSP,12/14/2024,,05:30:00 AM,23.0763888888889,,Arrival .RWS,16.5,120.7,5.23045440866687,6.1  ,45%,127
,,,,,,,,,,,,,  ,,
,,,FAOP,12/14/2024,,11:30:00 PM,,,Out to Sea ( RWS → KP  ),,,,  ,,
,,,EOSP,12/15/2024,,12:00:00 PM,23.2013888888889,,Arrival .KP,28.3,120.3,5.18503442083209,6.5  ,43%,126
,,,,,,,,,,,,,  ,,
,,,FAOP,12/16/2024,,03:36:00 PM,,,Out to Sea (KP→ RWS ),,,,  ,,
,,,EOSP,12/17/2024,,03:48:00 AM,23.1805555555556,,Arrival .RWS,25.8,120.5,5.1983223487118,6.4  ,43%,125
,,,,,,,,,,,,,  ,,
,,,FAOP,12/21/2024,,12:30:00 AM,,,Out to Sea ( RWS → KP  ),,,,  ,,
,,,EOSP,12/21/2024,,12:00:00 PM,0.798611111111111,,Arrival .KP,27.9,108.8,136.23652173913,5.8  ,40%,127
,,,,,,,,,,,,,  ,,
,,,FAOP,12/22/2024,,05:42:00 AM,,,Out to Sea (KP→ RWS ),,,,  ,,
,,,EOSP,12/22/2024,,06:12:00 PM,0.868055555555555,,Arrival .RWS,25,126.5,145.728,7.4  ,53%,127
,,,,,,,,,,,,,  ,,
,,,FAOP,12/23/2024,,12:00:00 PM,,,Out to Sea ( RWS → KP  ),,,,  ,,
,,,EOSP,12/23/2024,,09:48:00 PM,0.680555555555555,,Arrival .KP,22.5,105.7,155.314285714286,5.8  ,53%,127
,,,,,,,,,,,,,  ,,
,,,FAOP,12/24/2024,,03:00:00 PM,,,Out to Sea (KP→ RWS ),,,,  ,,
,,,EOSP,12/25/2024,,02:00:00 AM,23.0972222222222,,Arrival .RWS,20.1,115.5,5.0006013229104,5.6  ,42%,124
,,,,,,,,,,,,,  ,,
,,,FAOP,12/26/2024,,02:06:00 AM,,,Out to Sea ( RWS → KP  ),,,,  ,,
,,,EOSP,12/26/2024,,02:06:00 PM,0.833333333333334,,Arrival .KP,27.3,121,145.2,6.5  ,44%,127
,,,,,,,,,,,,,  ,,
,,,FAOP,12/27/2024,,07:24:00 AM,,,Out to Sea (KP→ RWS ),,,,  ,,
,,,EOSP,12/27/2024,,06:48:00 PM,0.791666666666667,,Arrival .RWS,18,127.5,161.052631578947,6.2  ,42%,126
,,,,,,,,,,,,,  ,,
,,,FAOP,12/29/2024,,12:30:00 AM,,,Out to Sea ( RWS → KP  ),,,,  ,,
,,,EOSP,12/29/2024,,12:00:00 PM,0.798611111111111,,Arrival .KP,27.8,113.3,141.871304347826,6.5  ,42%,127
,,,,,,,,,,,,,  ,,
,,,FAOP,12/30/2024,,06:30:00 AM,,,Out to Sea (KP→ RWS ),,,,  ,,
,,,EOSP,12/30/2024,,06:30:00 PM,0.833333333333334,,Arrival .RWS,18,128.4,154.08,6.  ,41%,127
 ,,,,,,,,,,,,,  ,,
,,,FAOP,01/03/2025,,01:30:00 PM,,,Out to Sea ( RWS → KP  ),,,,  ,,
,,,EOSP,01/04/2025,,01:24:00 AM,23.1597222222222,,Arrival .KP,25.1,117.5,5.07346326836582,6.1  ,40%,127
,,,,,,,,,,,,,  ,,
,,,FAOP,01/06/2025,,08:54:00 AM,,,Out to Sea (KP→ RWS ),,,,  ,,
,,,EOSP,01/06/2025,,08:30:00 PM,0.805555555555556,,Arrival .RWS,19,124.7,154.8,6.4  ,44%,128
 ,,,,,,,,,,,,,  ,,
,,,FAOP,01/10/2025,,08:00:00 PM,,,Out to Sea ( RWS → KP  ),,,,  ,,
,,,EOSP,01/11/2025,,08:54:00 AM,23.2291666666667,,Arrival .KP,28,114.7,4.93775784753363,6.  ,36%,127
,,,,,,,,,,,,,  ,,
,,,FAOP,01/12/2025,,07:18:00 AM,,,Out to Sea (KP→ RWS ),,,,  ,,
,,,EOSP,01/12/2025,,07:18:00 PM,0.833333333333334,,Arrival .RWS,19,126.9,152.28,6.1  ,41%,127
 ,,,,,,,,,,,,,  ,,
,,,FAOP,01/13/2025,,03:00:00 PM,,,Out to Sea ( RWS → KP  ),,,,  ,,
,,,EOSP,01/14/2025,,03:00:00 AM,23.1666666666667,,Arrival .KP,25.2,116.3,5.02014388489209,5.6  ,34%,117
,,,,,,,,,,,,,  ,,
,,,FAOP,01/14/2025,,04:12:00 PM,,,Out to Sea (KP→ RWS ),,,,  ,,
,,,EOSP,01/15/2025,,05:12:00 AM,23.2361111111111,,Arrival .RWS,23.6,125.5,5.40107591153616,6.2  ,40%,119
 ,,,,,,,,,,,,,  ,,
,,,FAOP,01/18/2025,,11:00:00 PM,,,Out to Sea ( RWS → KP  ),,,,  ,,
,,,EOSP,01/19/2025,,11:00:00 AM,23.1666666666667,,Arrival .KP,26.5,116.7,5.03741007194245,6.5  ,39%,125
,,,,,,,,,,,,,  ,,
,,,FAOP,01/20/2025,,02:06:00 PM,,,Out to Sea (KP→ RWS ),,,,  ,,
,,,EOSP,01/21/2025,,02:48:00 AM,23.2152777777778,,Arrival .RWS,23.4,118.1,5.08716721507628,5.7  ,40%,117
 ,,,,,,,,,,,,,  ,,
,,,FAOP,01/22/2025,,01:30:00 AM,,,Out to Sea ( RWS → KP  ),,,,  ,,
,,,EOSP,01/22/2025,,01:00:00 PM,0.798611111111111,,Arrival .KP,30.7,112.8,141.245217391304,8.  ,52%,127
,,,,,,,,,,,,,  ,,
,,,FAOP,01/23/2025,,12:00:00 PM,,,Out to Sea (KP→ RWS ),,,,  ,,
,,,EOSP,01/23/2025,,10:12:00 PM,0.708333333333333,,Arrival .RWS,16.4,121.6,171.670588235294,6.9  ,50%,134
 ,,,,,,,,,,,,,  ,,
,,,FAOP,01/25/2025,,06:48:00 AM,,,Out to Sea ( RWS → KP  ),,,,  ,,
,,,EOSP,01/25/2025,,04:24:00 PM,0.666666666666667,,Arrival .KP,21,116.2,174.3,7.8  ,57%,127
,,,,,,,,,,,,,  ,,
,,,FAOP,01/26/2025,,12:00:00 PM,,,Out to Sea (KP→ RWS ),,,,  ,,
,,,EOSP,01/26/2025,,11:30:00 PM,0.798611111111111,,Arrival .RWS,19.7,115,144,5.2  ,36%,117
 ,,,,,,,,,,,,,  ,,
,,,FAOP,01/28/2025,,12:24:00 AM,,,Out to Sea ( RWS → KP  ),,,,  ,,
,,,EOSP,01/28/2025,,01:18:00 PM,0.895833333333334,,Arrival .KP,23,115.3,128.706976744186,6.4  ,42%,127
,,,,,,,,,,,,,  ,,
,,,FAOP,01/29/2025,,08:30:00 AM,,,Out to Sea (KP→ RWS ),,,,  ,,
,,,EOSP,01/29/2025,,08:12:00 PM,0.8125,,Arrival .RWS,23.8,122.9,151.261538461538,6.7  ,44%,127
 ,,,,,,,,,,,,,  ,,
,,,FAOP,01/31/2025,,01:54:00 AM,,,Out to Sea ( RWS → KP  ),,,,  ,,
,,,EOSP,01/31/2025,,02:24:00 PM,0.868055555555556,,Arrival .KP,28.4,115.5,133.056,7.3  ,43%,127
,,,,,,,,,,,,,  ,,
,,,FAOP,02/01/2025,,06:42:00 AM,,,Out to Sea (KP→ RWS ),,,,  ,,
,,,EOSP,02/01/2025,,06:30:00 PM,0.819444444444445,,Arrival .RWS,22,123.6,150.833898305085,6.6  ,45%,126.5
 ,,,,,,,,,,,,,  ,,
,,,FAOP,02/03/2025,,03:30:00 AM,,,Out to Sea ( RWS → KP  ),,,,  ,,
,,,EOSP,02/03/2025,,04:00:00 PM,0.868055555555556,,Arrival .KP,27,116.3,133.9776,5.8  ,42%,120.7
,,,,,,,,,,,,,  ,,
,,,FAOP,02/04/2025,,10:00:00 AM,,,Out to Sea (KP→ RWS ),,,,  ,,
,,,EOSP,02/04/2025,,08:30:00 PM,0.729166666666667,,Arrival .RWS,21.6,124.8,171.154285714286,7.8  ,59%,142
 ,,,,,,,,,,,,,  ,,
,,,FAOP,02/05/2025,,08:30:00 PM,,,Out to Sea ( RWS → KP  ),,,,  ,,
,,,EOSP,02/06/2025,,08:24:00 AM,23.1597222222222,,Arrival .KP,30.9,106.7,4.60713643178411,5.7  ,44%,122.3
,,,,,,,,,,,,,  ,,
,,,FAOP,02/07/2025,,05:30:00 AM,,,Out to Sea (KP→ RWS ),,,,  ,,
,,,EOSP,02/07/2025,,05:54:00 PM,0.861111111111111,,Arrival .RWS,19.1,125.2,145.393548387097,5.5  ,39%,117.1
,,,,,,,,,,,,,  ,,
,,,FAOP,02/08/2025,,11:00:00 PM,,,Out to Sea ( RWS → KP  ),,,,  ,,
,,,EOSP,02/09/2025,,11:30:00 AM,23.2013888888889,,Arrival .KP,31.7,106,4.56869200838072,5.3  ,36%,116.9
,,,,,,,,,,,,,  ,,
,,,FAOP,02/10/2025,,10:12:00 AM,,,Out to Sea (KP→ RWS ),,,,  ,,
,,,EOSP,02/10/2025,,11:24:00 PM,0.916666666666667,,Arrival .RWS,23.7,124.7,136.036363636364,5.8  ,38%,117
,,,,,,,,,,,,,  ,,
,,,FAOP,02/12/2025,,05:30:00 AM,,,Out to Sea ( RWS → KP  ),,,,  ,,
,,,EOSP,02/12/2025,,06:24:00 PM,0.895833333333333,,Arrival .KP,30.2,115.3,128.706976744186,5.9  ,40%,121
,,,,,,,,,,,,,  ,,
,,,FAOP,02/13/2025,,11:30:00 PM,,,Out to Sea (KP→ RWS ),,,,  ,,
,,,EOSP,02/14/2025,,11:42:00 AM,23.1805555555556,,Arrival .RWS,18.6,124.9,5.38813660874775,5.6  ,38%,118.6
,,,,,,,,,,,,,  ,,
,,,FAOP,02/15/2025,,09:00:00 PM,,,Out to Sea ( RWS → KP  ),,,,  ,,
,,,EOSP,02/16/2025,,10:30:00 AM,23.2708333333333,,Arrival .KP,30.9,118.5,5.09221128021486,5.8  ,39%,119.6
,,,,,,,,,,,,,  ,,
,,,FAOP,02/17/2025,,08:30:00 PM,,,Out to Sea (KP→ RWS ),,,,  ,,
,,,EOSP,02/18/2025,,09:00:00 AM,23.2013888888889,,Arrival .RWS,17.5,129.9,5.59880275366657,5.4  ,38%,118.7
,,,,,,,,,,,,,  ,,
,,,FAOP,02/19/2025,,09:00:00 PM,,,Out to Sea ( RWS → KP  ),,,,  ,,
,,,EOSP,02/20/2025,,10:30:00 AM,23.2708333333333,,Arrival .KP,29.7,119.4,5.13088630259624,5.6  ,39%,118.5
,,,,,,,,,,,,,  ,,
,,,FAOP,02/21/2025,,11:00:00 PM,,,Out to Sea (KP→ RWS ),,,,  ,,
,,,EOSP,02/22/2025,,12:00:00 PM,23.2361111111111,,Arrival .RWS,20.3,125.6,5.40537955768081,5.1  ,36%,114.1
,,,,,,,,,,,,,  ,,
,,,FAOP,02/23/2025,,11:30:00 AM,,,Out to Sea ( RWS → KP  ),,,,  ,,
,,,EOSP,02/24/2025,,12:12:00 AM,23.2152777777778,,Arrival .KP,25.8,121.7,5.24223751121747,5.8  ,42%,122
,,,,,,,,,,,,,  ,,
,,,FAOP,02/24/2025,,07:00:00 PM,,,Out to Sea (KP→ RWS ),,,,  ,,
,,,EOSP,02/25/2025,,09:00:00 AM,23.3055555555556,,Arrival .RWS,29.1,125,5.36352800953516,6.1  ,41%,118.6
,,,,,,,,,,,,,  ,,
,,,FAOP,02/27/2025,,06:30:00 PM,,,Out to Sea ( RWS → KP  ),,,,  ,,
,,,EOSP,02/28/2025,,08:30:00 AM,23.3055555555556,,Arrival .KP,27.8,126.9,5.4450536352801,5.9  ,40%,118.2
,,,,,,,,,,,,,  ,,
,,,FAOP,03/01/2025,,02:30:00 AM,,,Out to Sea (KP→ RWS ),,,,  ,,
,,,EOSP,03/01/2025,,04:00:00 PM,0.9375,,Arrival .RWS,24.4,126,134.4,5.9  ,38%,116.3
,,,,,,,,,,,,,  ,,
,,,FAOP,03/02/2025,,02:00:00 PM,,,Out to Sea ( RWS → KP  ),,,,  ,,
,,,EOSP,03/03/2025,,04:00:00 AM,23.3055555555556,,Arrival .KP,30.8,121.5,5.21334922526818,6.3  ,39%,118.3
,,,,,,,,,,,,,  ,,
,,,FAOP,03/04/2025,,04:00:00 AM,,,Out to Sea (KP→ RWS ),,,,  ,,
,,,EOSP,03/04/2025,,04:30:00 PM,0.868055555555556,,Arrival .RWS,21.3,122.9,141.5808,5.4  ,39.5%,118.2
 ,,,,,,,,,,,,,  ,,
,,,FAOP,03/06/2025,,05:30:00 PM,,,Out to Sea ( RWS → KP  ),,,,  ,,
,,,EOSP,03/07/2025,,09:00:00 AM,23.4097222222222,,Arrival .KP,34.2,125.6,5.36529219816078,6.3  ,36%,116.1
,,,,,,,,,,,,,  ,,
,,,FAOP,03/08/2025,,06:00:00 AM,,,Out to Sea (KP→ RWS ),,,,  ,,
,,,EOSP,03/08/2025,,07:30:00 PM,0.9375,,Arrival .RWS,22.6,125.8,134.186666666667,5  ,35%,115.3
 ,,,,,,,,,,,,,  ,,
,,,FAOP,03/09/2025,,06:30:00 PM,,,Out to Sea ( RWS → KP  ),,,,  ,,
,,,EOSP,03/10/2025,,08:00:00 AM,23.2708333333333,,Arrival .KP,30.2,116.1,4.98907788719785,5.5  ,36%,116.1
,,,,,,,,,,,,,  ,,
,,,FAOP,03/11/2025,,12:06:00 AM,,,Out to Sea (KP→ RWS ),,,,  ,,
,,,EOSP,03/11/2025,,12:00:00 PM,0.826388888888889,,Arrival .RWS,17.8,120.3,145.573109243697,5.  ,36%,115.9
 ,,,,,,,,,,,,,  ,,
,,,FAOP,03/12/2025,,12:30:00 PM,,,Out to Sea ( RWS → KP  ),,,,  ,,
,,,EOSP,03/13/2025,,02:00:00 AM,23.2708333333333,,Arrival .KP,26.3,122,5.24261414503133,5.8  ,37%,115.6
,,,,,,,,,,,,,  ,,
,,,FAOP,03/13/2025,,05:30:00 PM,,,Out to Sea (KP→ RWS ),,,,  ,,
,,,EOSP,03/14/2025,,07:00:00 AM,23.2708333333333,,Arrival .RWS,25.4,124.2,5.33715308863026,6  ,38%,116.1
,,,,,,,,,,,,,  ,,
,,,FAOP,03/15/2025,,03:30:00 AM,,,Out to Sea ( RWS → KP  ),,,,  ,,
,,,EOSP,03/15/2025,,04:30:00 PM,0.902777777777778,,Arrival .KP,29.5,120.1,133.033846153846,6.6  ,43%,124
,,,,,,,,,,,,,  ,,
,,,FAOP,03/18/2025,,05:00:00 AM,,,Out to Sea (KP→ RWS ),,,,  ,,
,,,EOSP,03/18/2025,,06:30:00 PM,0.9375,,Arrival .RWS,21.7,133.8,142.72,6.5  ,40%,119.3
 ,,,,,,,,,,,,,  ,,
,,,FAOP,03/19/2025,,06:30:00 PM,,,Out to Sea ( RWS → KP  ),,,,  ,,
,,,EOSP,03/20/2025,,09:00:00 AM,23.3402777777778,,Arrival .KP,31.5,122.2,5.23558464742636,6.2  ,36%,116
,,,,,,,,,,,,,  ,,
,,,FAOP,03/21/2025,,12:00:00 PM,,,Out to Sea (KP→ RWS ),,,,  ,,
,,,EOSP,03/22/2025,,12:30:00 AM,23.2013888888889,,Arrival .RWS,19.1,124.7,5.37467824004789,5.5  ,38%,116.1
 ,,,,,,,,,,,,,  ,,
,,,FAOP,03/22/2025,,10:00:00 PM,,,Out to Sea ( RWS → KP  ),,,,  ,,
,,,EOSP,03/23/2025,,12:00:00 PM,23.3055555555556,,Arrival .KP,32.2,116.8,5.01168057210965,6  ,38%,116
,,,,,,,,,,,,,  ,,
,,,FAOP,03/24/2025,,11:00:00 PM,,,Out to Sea (KP→ RWS ),,,,  ,,
,,,EOSP,03/25/2025,,05:00:00 PM,23.5833333333333,,Arrival .RWS,40.2,130.5,5.53356890459364,7.9  ,45%,116
,,,,,,,,,,,,,  ,,
,,,FAOP,03/26/2025,,08:00:00 PM,,,Out to Sea ( RWS → KP  ),,,,  ,,
,,,EOSP,03/27/2025,,10:00:00 AM,23.3055555555556,,Arrival .KP,30.6,120,5.14898688915375,6.1  ,38%,116.5
,,,,,,,,,,,,,  ,,
,,,FAOP,03/28/2025,,03:30:00 AM,,,Out to Sea (KP→ RWS ),,,,  ,,
,,,EOSP,03/28/2025,,05:00:00 PM,0.9375,,Arrival .RWS,22,126.6,135.04,5.8  ,36%,115.3
,,,,,,,,,,,,,  ,,
,,,FAOP,03/29/2025,,07:30:00 PM,,,Out to Sea ( RWS → KP  ),,,,  ,,
,,,EOSP,03/30/2025,,10:00:00 AM,23.3402777777778,,Arrival .KP,31,123.4,5.28699791728652,6.4  ,38%,116.2
,,,,,,,,,,,,,  ,,
,,,FAOP,03/31/2025,,12:30:00 AM,,,Out to Sea (KP→ RWS ),,,,  ,,
,,,EOSP,03/31/2025,,01:30:00 PM,0.902777777777778,,Arrival .RWS,20.7,128.5,142.338461538462,5.8  ,38%,122.2
,,,,,,,,,,,,,  ,,
,,,FAOP,04/01/2025,,09:30:00 AM,,,Out to Sea ( RWS → KP  ),,,,  ,,
,,,EOSP,04/01/2025,,10:30:00 PM,0.902777777777778,,Arrival .KP,25.9,118.3,131.04,5.8 ,37%,115.9
,,,,,,,,,,,,,,,
,,,FAOP,04/03/2025,,08:30:00 PM,,,Out to Sea (KP→ RWS ),,,,,,
,,,EOSP,04/04/2025,,10:00:00 AM,23.2708333333333,,Arrival .RWS,22.5,129,5.54341987466428,5.9,38%,116.2
,,,,,,,,,,,,,,,
,,,FAOP,04/05/2025,,08:00:00 AM,,,Out to Sea ( RWS → KP  ),,,,,,
,,,EOSP,04/05/2025,,09:00:00 PM,0.902777777777778,,Arrival .KP,25.6,120,132.923076923077,5.8,40%,116.6
,,,,,,,,,,,,,,,
,,,FAOP,04/06/2025,,10:30:00 AM,,,Out to Sea (KP→ RWS ),,,,,,
,,,EOSP,04/06/2025,,11:30:00 PM,0.902777777777778,,Arrival .RWS,20.8,127,140.676923076923,5.7,39%,116
,,,,,,,,,,,,,,,
,,,FAOP,04/07/2025,,11:00:00 PM,,,Out to Sea ( RWS → KP  ),,,,,,
,,,EOSP,04/08/2025,,02:00:00 PM,23.375,,Arrival .KP,30.2,128.9,5.5144385026738,6.3,39%,116.5
,,,,,,,,,,,,,,,
,,,FAOP,04/09/2025,,05:00:00 AM,,,Out to Sea (KP→ RWS ),,,,,,
,,,EOSP,04/09/2025,,07:00:00 PM,0.972222222222222,,Arrival .RWS,26.2,127,130.628571428571,6.3,38%,115.9
,,,,,,,,,,,,,,,
,,,FAOP,04/11/2025,,02:30:00 AM,,,Out to Sea ( RWS → KP  ),,,,,,
,,,EOSP,04/11/2025,,05:00:00 PM,1.00694444444444,,Arrival .KP,28,123,122.151724137931,5.7,31%,113
,,,,,,,,,,,,,,,
,,,FAOP,04/12/2025,,10:00:00 AM,,,Out to Sea (KP→ RWS ),,,,,,
,,,EOSP,04/12/2025,,10:30:00 PM,0.868055555555555,,Arrival .RWS,17.7,126.8,146.0736,5.5,38%,115.9
,,,,,,,,,,,,,,,
,,,FAOP,04/13/2025,,02:00:00 PM,,,Out to Sea ( RWS → KP  ),,,,,,
,,,EOSP,04/14/2025,,03:30:00 AM,23.2708333333333,,Arrival .KP,30.7,115.2,4.95040286481647,6,38%,116.1
,,,,,,,,,,,,,,,
,,,FAOP,04/14/2025,,08:00:00 PM,,,Out to Sea (KP→ RWS ),,,,,,
,,,EOSP,04/15/2025,,09:00:00 AM,23.2361111111111,,Arrival .RWS,21.3,126,5.42259414225941,5.8 ,38%,116.1
